Edad;Sexoedad;Ano;101;102;103;104;105;106;107;108;109;110;201;202;203;204;205;206;207;208;209;210;211;212;213;214;301;302;303;304;306;307;308;309;401;402;403;404;405;406;407;501;502;503;504;505;506;507;508;509;510;511;512;513;514;601;602;603;604;605;606;607;608;609;610;611;612;613;614;615;616;Sexo;Edad
H1(98);H1;1998;613;4;31;14;153;69;18;3;651;31;0;0;0;2;0;0;0;0;0;0;2;8;6;9;0;0;1;33;15;19;0;2;174;478;144;2,530;257;44;681;20;1;12;0;0;14;5;2;0;95;0;21;0;22;0;215;0;62;17;1;138;106;21;4;55;26;0;0;1,019;74;Hombre;1
M1(98);M1;1998;486;5;29;21;94;59;11;11;550;31;0;0;0;0;0;0;1;0;0;0;1;8;2;1;0;1;0;28;21;9;0;1;146;345;93;1,811;177;20;464;11;0;8;0;0;9;5;0;0;64;0;23;0;13;2;183;0;45;12;1;141;73;17;3;27;19;0;0;868;56;Mujer;1
H1a4(98);H1a4;1998;252;8;25;7;46;31;0;10;216;32;0;0;0;6;0;0;1;0;0;0;4;54;26;4;1;1;1;29;16;14;0;5;0;0;0;0;0;0;0;136;2;31;0;5;174;19;12;0;72;0;30;0;47;2;102;0;40;19;0;54;43;22;5;20;21;0;0;95;53;Hombre;1a4
M1a4(98);M1a4;1998;208;10;31;4;39;27;0;8;257;17;2;0;0;0;0;0;0;0;0;0;1;39;21;4;0;0;0;31;10;12;0;0;0;0;0;0;0;0;1;107;1;18;0;3;95;20;9;0;44;0;26;0;28;3;90;0;57;24;1;51;33;4;2;19;24;0;0;90;38;Mujer;1a4
H5a14(98);H5a14;1998;26;5;36;6;29;21;0;5;83;23;0;2;1;3;0;5;1;0;0;0;7;118;70;14;3;1;1;23;7;29;0;9;0;0;0;0;0;0;0;387;10;40;4;4;150;13;4;1;102;36;235;0;42;4;26;0;60;18;3;27;25;22;1;18;20;0;0;35;53;Hombre;5a14
M5a14(98);M5a14;1998;36;12;38;6;18;13;0;1;54;32;2;0;0;2;1;0;0;1;1;0;5;92;55;7;4;2;3;23;12;19;0;3;0;0;0;0;0;0;0;207;2;8;1;6;50;14;4;0;40;47;96;0;33;7;26;1;50;14;0;25;19;13;10;12;23;0;4;28;49;Mujer;5a14
H15a44(98);H15a44;1998;69;222;90;19;99;70;3;894;273;85;199;63;52;82;34;86;20;3;0;12;74;357;341;50;26;72;633;215;82;379;2;67;0;0;0;0;0;0;0;4021;150;329;23;31;526;45;64;2;708;1142;18475;123;994;152;83;6;285;69;2;53;119;49;138;251;168;0;0;40;155;Hombre;15a44
M15a44(98);M15a44;1998;34;123;70;11;48;65;0;183;170;57;137;64;32;59;18;57;16;230;416;0;74;237;305;40;48;79;326;172;62;440;1;54;0;0;0;0;0;0;0;820;42;39;2;2;68;30;20;3;94;399;1314;5;181;168;64;1;186;78;4;27;87;28;56;171;202;0;680;31;309;Mujer;15a44
H45a64(98);H45a64;1998;57;304;53;12;38;86;3;226;309;72;715;121;188;254;128;508;99;6;0;184;121;277;594;62;27;406;3015;349;308;1288;19;218;0;0;0;0;0;0;0;1088;38;196;3;5;83;11;19;2;237;249;2669;0;240;738;107;9;138;648;2;36;142;68;452;516;314;6;0;6;149;Hombre;45a64
M45a64(98);M45a64;1998;69;124;35;5;25;96;0;31;211;46;422;181;142;408;147;308;47;602;851;0;249;260;607;49;48;397;1775;369;262;1431;6;124;0;0;0;0;0;0;0;286;6;38;2;0;13;11;5;4;38;42;242;0;44;897;60;3;120;540;4;35;138;77;178;382;258;0;20;5;218;Mujer;45a64
H65(98);H65;1998;242;317;37;14;48;154;4;26;1129;63;1387;303;380;456;202;995;208;7;0;1466;222;341;977;94;44;1600;7249;973;1449;3922;120;594;0;0;0;0;0;0;0;682;19;175;0;2;42;12;4;3;149;125;428;1;148;1403;398;6;228;3483;1;139;355;235;420;1305;810;78;0;7;359;Hombre;65
M65(98);M65;1998;273;157;34;5;38;182;1;5;1353;66;994;375;312;636;316;582;94;449;709;0;340;379;1060;74;72;1977;6566;1041;1512;4739;139;440;0;0;0;0;0;0;0;271;8;106;0;0;10;9;2;9;116;12;66;0;102;2220;398;7;192;2723;4;176;357;214;286;1426;736;0;0;2;562;Mujer;65
H1(99);H1;1999;399;7;0;12;114;92;12;10;604;41;0;0;0;1;0;0;1;0;0;0;1;14;8;4;0;1;0;24;13;18;0;3;65;532;104;2770;468;39;678;14;0;13;0;0;8;5;1;7;78;0;37;0;37;3;235;0;60;24;3;178;88;22;3;52;28;0;0;1158;53;Hombre;1
M1(99);M1;1999;332;2;5;16;89;88;8;9;491;24;0;0;1;1;0;0;0;0;0;0;0;4;3;3;0;0;2;25;7;12;0;0;49;380;90;2013;322;25;504;15;0;6;0;0;15;10;3;7;68;0;31;1;26;0;201;0;44;18;0;129;92;8;5;35;23;0;0;964;44;Mujer;1
H1a4(99);H1a4;1999;145;11;7;1;39;29;1;5;212;28;0;1;0;7;0;1;0;0;0;0;10;63;38;4;2;0;1;25;7;10;0;3;0;0;0;3;0;1;1;117;1;32;1;3;152;26;13;2;125;0;43;1;34;1;92;0;52;21;2;49;52;13;4;23;23;0;0;102;30;Hombre;1a4
M1a4(99);M1a4;1999;121;7;9;3;26;28;1;3;188;20;0;0;2;3;0;1;0;0;0;0;1;58;14;6;1;1;1;19;6;4;0;3;0;0;0;3;0;0;3;85;1;14;0;2;105;16;8;2;80;1;19;0;31;2;115;1;42;22;3;46;23;14;8;17;14;0;0;111;43;Mujer;1a4
H5a14(99);H5a14;1999;13;7;15;7;32;19;0;3;73;31;0;0;1;4;0;3;0;0;0;0;8;132;63;13;1;4;1;17;9;32;0;7;0;0;1;0;0;0;0;340;3;38;1;5;136;14;5;1;183;35;225;0;61;6;31;0;63;8;0;19;32;11;8;18;28;0;0;58;53;Hombre;5a14
M5a14(99);M5a14;1999;19;8;11;3;16;15;0;2;80;17;0;0;1;4;0;0;0;0;0;0;5;114;49;7;8;2;5;22;9;28;0;4;0;0;0;0;0;0;0;165;1;21;0;1;53;9;4;3;121;46;90;2;46;6;14;0;68;11;1;19;16;14;5;22;34;0;7;43;54;Mujer;5a14
H15a44(99);H15a44;1999;53;246;44;15;64;82;3;1135;292;102;185;63;43;57;26;77;21;3;0;26;77;393;363;60;28;82;634;234;82;390;1;75;0;0;0;0;0;0;0;3700;35;291;14;37;531;43;47;7;837;1168;19706;198;1173;201;94;9;300;94;4;61;112;50;149;285;190;1;0;40;200;Hombre;15a44
M15a44(99);M15a44;1999;32;139;23;7;44;78;1;208;156;53;150;77;49;70;24;64;17;248;464;0;84;290;318;58;53;86;342;172;69;437;2;39;0;0;0;0;0;0;0;767;5;41;1;2;75;16;15;14;271;395;1388;4;183;191;72;4;224;89;6;55;77;44;48;200;202;0;649;41;355;Mujer;15a44
H45a64(99);H45a64;1999;70;276;32;12;50;87;1;255;329;72;800;178;189;283;133;583;119;2;0;212;124;300;706;86;35;467;3215;385;311;1351;18;235;0;0;0;0;0;0;0;1097;12;232;5;6;81;21;13;18;308;300;2837;6;282;851;99;11;142;787;1;60;110;101;502;538;303;3;0;12;209;Hombre;45a64
M45a64(99);M45a64;1999;59;126;24;9;26;79;0;38;229;43;413;179;143;384;134;366;43;666;893;0;283;280;643;68;74;483;1838;340;244;1459;4;126;0;0;0;0;0;0;0;312;2;30;0;1;11;6;2;17;129;44;276;0;72;1033;70;4;126;645;2;36;106;59;190;382;273;0;9;5;284;Mujer;45a64
H65(99);H65;1999;183;356;30;17;45;228;3;29;1140;64;1454;308;428;494;237;1077;235;10;0;1560;247;425;1093;103;41;1908;8120;1029;1513;4309;106;612;0;0;0;0;0;0;0;644;6;206;1;2;47;12;3;45;223;147;523;2;243;1788;410;13;213;4233;3;162;340;243;507;1449;966;85;0;4;485;Hombre;65
M65(99);M65;1999;206;164;13;13;30;259;0;7;1416;76;1064;456;304;692;288;671;87;493;740;0;350;364;1120;89;64;2375;7387;1099;1563;5145;191;409;0;0;0;0;0;0;0;275;1;108;0;0;10;12;2;39;135;8;64;0;193;2636;470;6;209;3372;3;200;316;252;296;1410;746;0;0;6;712;Mujer;65
H1(00);H1;2000;406;6;11;21;129;81;19;9;662;33;0;0;0;2;1;0;1;0;0;0;4;12;6;8;0;0;9;36;10;20;0;2;120;510;156;2800;489;44;668;18;0;7;0;0;14;7;2;0;136;0;23;0;20;2;316;0;59;22;4;94;86;19;2;59;19;0;0;1302;67;Hombre;1
M1(00);M1;2000;369;5;17;20;90;86;22;14;528;24;0;0;0;2;0;0;1;0;0;0;0;7;5;8;0;0;3;33;15;13;0;2;91;368;115;2002;358;21;526;13;0;8;0;1;5;4;4;1;103;0;26;0;22;1;236;0;59;17;1;63;77;10;5;23;18;0;0;1089;50;Mujer;1
H1a4(00);H1a4;2000;140;9;13;3;30;38;1;7;217;41;0;0;1;3;1;0;1;0;0;0;8;48;34;7;0;1;1;23;5;12;0;2;0;0;0;2;0;1;1;104;1;30;1;5;139;12;7;0;85;1;34;1;50;2;137;0;55;16;0;34;34;6;6;25;27;0;0;114;53;Hombre;1a4
M1a4(00);M1a4;2000;123;8;9;3;23;26;1;9;223;31;0;0;0;2;0;0;0;0;0;0;10;54;34;5;0;1;2;34;12;17;0;1;0;0;0;1;0;0;1;71;0;13;1;0;101;16;8;0;60;1;16;1;36;1;112;0;43;32;1;29;27;12;5;20;22;0;0;99;39;Mujer;1a4
H5a14(00);H5a14;2000;23;5;16;2;22;17;0;8;73;24;1;2;1;2;0;1;1;0;0;0;9;149;62;17;6;3;9;27;3;25;0;3;0;0;0;0;0;0;0;335;4;26;3;10;145;18;7;2;116;37;241;8;60;1;22;0;65;10;0;16;11;18;6;24;30;0;0;52;53;Hombre;5a14
M5a14(00);M5a14;2000;16;9;18;4;17;15;0;6;61;18;0;0;0;3;0;0;0;1;0;0;4;93;64;9;6;2;7;21;8;22;0;5;0;0;0;0;0;0;0;142;1;15;1;3;57;19;6;0;46;57;95;1;37;4;31;0;63;10;0;18;11;9;8;18;37;0;7;49;62;Mujer;5a14
H15a44(00);H15a44;2000;42;195;53;16;67;103;2;1210;261;103;218;63;62;64;21;76;22;1;0;19;86;373;373;51;29;92;680;240;78;438;5;67;0;0;0;0;0;0;0;3544;83;271;10;60;441;45;54;11;586;1336;21918;338;1215;197;83;16;330;108;3;25;120;60;139;266;183;1;0;44;214;Hombre;15a44
M15a44(00);M15a44;2000;27;120;36;14;44;63;1;255;168;72;161;71;59;50;21;68;17;266;471;0;99;282;309;46;28;88;347;178;60;467;4;60;0;0;0;0;0;0;0;739;9;31;3;6;67;14;12;8;99;416;1512;27;192;168;62;7;263;71;2;16;74;37;55;201;181;0;741;47;411;Mujer;15a44
H45a64(00);H45a64;2000;62;268;39;20;38;80;2;312;270;77;805;166;212;262;142;555;124;7;0;228;132;373;645;69;37;426;3194;445;283;1429;13;240;0;0;0;0;0;0;0;1081;16;223;7;9;88;19;14;5;254;303;3350;8;324;869;118;8;199;673;2;35;125;79;506;520;334;11;0;9;220;Hombre;45a64
M45a64(00);M45a64;2000;43;103;22;11;20;80;1;42;211;51;480;192;174;374;129;332;51;780;853;0;278;270;673;75;54;413;1761;345;235;1511;8;150;0;0;0;0;0;0;0;260;1;34;0;0;16;8;5;8;48;60;321;5;52;951;68;8;128;542;3;25;98;86;218;415;278;0;23;9;267;Mujer;45a64
H65(00);H65;2000;153;306;27;19;51;253;4;27;1109;106;1571;325;442;470;271;1143;237;8;0;1753;266;400;1006;102;58;2004;8481;1021;1584;4422;137;647;0;0;0;0;0;0;0;657;2;205;3;2;46;14;4;18;165;140;535;3;227;1679;431;10;251;3738;3;112;314;251;571;1495;882;97;0;8;634;Hombre;65
M65(00);M65;2000;198;168;16;14;33;264;1;3;1204;73;1141;455;330;774;336;698;90;483;804;0;367;399;1180;105;67;2303;7667;1206;1556;5470;164;524;0;0;0;0;0;0;0;274;1;109;0;0;7;13;1;17;91;10;65;1;130;2758;540;12;222;2942;3;153;307;260;350;1468;822;0;0;7;874;Mujer;65
H1(01);H1;2001;311;4;15;27;114;104;14;21;673;48;0;0;0;1;0;0;1;0;0;0;0;10;6;14;0;0;3;41;5;8;0;4;68;410;136;2251;603;39;679;9;0;5;0;0;18;5;2;2;162;0;17;0;24;2;425;0;70;25;2;82;108;19;7;55;28;0;0;1309;84;Hombre;1
M1(01);M1;2001;244;5;13;28;80;92;10;10;515;45;0;0;0;0;0;0;1;0;0;0;0;8;4;3;1;0;4;43;9;17;0;0;55;294;84;1615;420;19;501;10;1;4;0;0;8;4;1;1;136;0;15;0;13;1;356;0;56;20;3;54;84;16;2;44;19;0;0;1088;51;Mujer;1
H1a4(01);H1a4;2001;104;5;16;2;35;21;0;6;198;39;0;0;0;2;0;0;0;0;0;0;8;58;36;6;0;0;3;19;6;15;0;1;0;1;0;2;1;2;2;106;0;28;1;1;157;19;11;3;91;1;38;1;41;2;168;0;55;19;1;31;23;15;7;28;35;0;0;94;50;Hombre;1a4
M1a4(01);M1a4;2001;92;8;18;1;30;32;0;4;200;27;1;0;1;4;0;0;0;0;0;0;4;42;25;7;1;0;2;27;3;8;0;3;0;0;0;1;0;0;1;75;1;10;0;1;95;19;10;1;64;0;25;0;39;4;159;0;50;22;5;30;39;10;3;16;21;0;0;120;48;Mujer;1a4
H5a14(01);H5a14;2001;14;11;35;7;25;23;0;2;72;17;5;2;0;2;2;5;2;0;0;2;4;131;63;16;6;2;2;34;9;21;1;2;0;0;0;0;1;0;1;341;3;32;2;4;121;15;7;2;100;35;234;3;57;5;27;0;86;11;2;13;15;16;3;22;32;0;0;60;47;Hombre;5a14
M5a14(01);M5a14;2001;14;12;19;1;26;15;0;6;63;18;0;0;2;1;0;2;1;0;0;0;3;91;57;20;11;6;2;31;4;16;0;1;0;0;0;0;0;0;0;157;5;9;1;6;51;9;10;1;53;45;112;3;42;6;28;2;70;7;0;4;12;17;7;21;24;0;8;48;53;Mujer;5a14
H15a44(01);H15a44;2001;45;207;103;27;83;97;3;1281;269;96;201;58;65;51;28;101;23;1;0;8;78;363;369;82;18;88;620;236;43;388;3;77;0;0;0;1;0;0;0;3409;77;260;22;44;456;51;72;4;634;1323;22934;256;1181;194;65;15;364;83;5;28;122;61;148;284;164;2;0;63;253;Hombre;15a44
M15a44(01);M15a44;2001;26;123;40;12;38;89;0;294;176;56;150;83;44;55;26;47;11;286;435;0;94;262;329;69;42;86;324;187;32;405;1;52;0;0;0;0;0;0;0;742;14;35;0;4;55;32;9;15;85;454;1774;18;192;175;50;6;267;85;5;17;74;44;74;202;190;0;671;51;392;Mujer;15a44
H45a64(01);H45a64;2001;51;325;28;18;44;106;4;379;309;86;853;178;198;276;121;626;146;6;0;224;142;330;662;114;29;390;3285;443;190;1373;5;274;0;0;0;0;0;0;0;1053;19;200;7;3;82;20;17;7;241;338;3363;5;306;903;97;8;213;718;7;34;136;91;498;598;318;9;0;14;257;Hombre;45a64
M45a64(01);M45a64;2001;38;140;29;6;30;104;3;49;227;42;409;208;148;404;163;363;52;774;888;0;314;279;629;105;65;379;1813;382;159;1451;3;154;0;0;0;1;0;0;0;272;3;30;1;1;14;9;4;8;52;43;315;0;58;1005;73;0;150;559;4;20;120;73;230;403;250;0;14;19;340;Mujer;45a64
H65(01);H65;2001;167;315;42;10;44;281;3;32;1326;94;1512;331;482;523;245;1158;253;10;0;1774;262;397;1097;179;38;2047;8792;1237;1197;4370;110;696;0;0;0;0;0;0;0;644;3;218;3;2;40;21;6;16;188;161;538;1;244;1833;409;14;286;4018;10;152;389;281;538;1530;881;140;0;4;755;Hombre;65
M65(01);M65;2001;202;166;41;11;23;316;0;7;1518;81;1162;472;345;808;314;727;104;567;791;0;407;406;1124;163;67;2371;8073;1418;1224;5399;158;579;0;0;0;0;0;0;0;249;3;129;0;0;9;12;2;17;135;15;95;1;159;2829;507;13;293;3292;8;195;376;334;388;1568;830;0;0;5;1102;Mujer;65
H1(02);H1;2002;383;5;10;17;83;65;13;13;505;44;0;0;0;0;0;0;0;0;0;0;0;5;5;5;1;1;2;33;3;30;0;0;93;349;184;1984;428;48;583;12;0;5;0;0;14;7;1;2;170;0;22;0;12;0;273;0;63;17;4;22;67;22;7;66;27;0;0;1231;55;Hombre;1
M1(02);M1;2002;283;9;14;8;77;48;14;8;402;17;0;0;0;4;0;1;0;0;0;0;1;9;5;5;0;0;1;26;2;10;0;0;97;255;129;1455;276;22;431;18;0;9;0;0;4;5;1;1;130;0;24;0;10;0;227;0;48;8;2;20;63;16;3;44;17;0;0;1094;58;Mujer;1
H1a4(02);H1a4;2002;116;13;23;0;35;27;0;7;164;31;2;0;1;3;0;0;1;0;0;0;10;53;33;14;1;2;0;33;4;11;0;0;0;0;0;0;0;0;1;108;1;19;1;2;163;18;9;0;97;0;40;0;38;1;118;0;77;22;2;7;32;10;4;32;15;0;0;106;50;Hombre;1a4
M1a4(02);M1a4;2002;113;9;9;1;30;14;0;6;152;44;0;0;1;4;0;1;0;0;0;0;4;38;26;11;0;0;2;15;4;6;0;0;0;0;0;1;0;0;1;59;3;13;1;3;86;13;4;0;81;0;27;0;38;2;152;0;61;21;0;6;32;7;6;18;18;0;0;98;38;Mujer;1a4
H5a14(02);H5a14;2002;8;8;33;4;23;17;0;9;64;19;0;0;1;1;0;1;0;0;0;0;6;154;50;16;4;3;8;29;2;28;0;0;0;0;0;0;0;0;0;304;0;26;5;6;156;6;4;0;128;53;263;1;61;5;30;2;89;9;0;6;32;17;6;14;22;0;0;65;63;Hombre;5a14
M5a14(02);M5a14;2002;24;7;20;2;18;10;0;3;61;20;0;2;0;3;0;1;2;0;0;0;7;104;49;15;4;2;3;22;5;25;0;0;0;0;0;0;0;0;0;163;1;8;1;2;48;12;3;0;49;64;115;1;34;6;20;2;80;10;3;4;14;12;5;21;16;0;6;38;48;Mujer;5a14
H15a44(02);H15a44;2002;46;199;86;19;56;76;1;1273;238;80;199;67;55;67;31;67;29;1;0;9;76;423;376;73;25;74;602;241;39;382;1;0;0;0;0;0;0;0;0;3331;52;280;22;75;412;48;47;8;629;1345;24063;226;1127;182;75;17;385;90;6;13;123;55;174;278;160;0;0;54;227;Hombre;15a44
M15a44(02);M15a44;2002;22;143;40;7;48;65;1;327;151;59;178;66;53;57;31;67;20;303;496;0;124;306;318;81;54;78;305;182;46;385;2;0;0;0;0;0;0;0;0;676;6;20;0;6;60;22;11;12;89;437;1880;15;197;159;55;6;264;70;6;10;98;32;73;186;165;0;561;68;440;Mujer;15a44
H45a64(02);H45a64;2002;53;319;54;22;58;87;2;344;280;75;810;169;219;268;145;618;125;4;0;220;120;389;704;132;28;438;3160;445;207;1308;16;0;0;0;0;0;0;0;0;1061;26;250;10;10;77;15;22;8;256;287;3651;5;291;871;103;10;222;625;1;29;169;104;565;550;329;10;0;14;257;Hombre;45a64
M45a64(02);M45a64;2002;38;114;34;10;32;76;2;61;206;42;468;222;168;424;139;388;52;820;936;0;337;273;643;125;62;389;1700;389;164;1450;11;0;0;0;0;0;0;0;0;275;1;33;0;1;6;7;3;9;46;49;323;0;50;954;72;3;164;505;2;15;119;89;214;460;274;0;6;13;328;Mujer;45a64
H65(02);H65;2002;188;325;49;13;46;262;3;45;1249;92;1531;328;477;538;266;1253;256;9;0;1810;276;476;1170;193;46;2039;8765;1294;1097;4370;99;0;0;0;0;0;0;0;0;664;0;228;1;3;49;13;5;24;191;131;534;1;180;1937;419;23;335;3975;7;88;478;295;562;1622;1093;135;0;9;748;Hombre;65
M65(02);M65;2002;224;166;28;14;44;322;1;6;1356;77;1078;529;341;836;327;754;101;580;763;0;401;455;1253;224;57;2499;8202;1474;1219;5560;139;0;0;0;0;0;0;0;0;248;0;109;1;0;15;14;5;30;134;14;77;0;94;2972;476;34;360;3209;6;117;485;316;401;1704;964;0;0;7;1193;Mujer;65
H1(03);H1;2003;375;4;10;6;73;92;10;22;471;29;0;0;0;1;0;0;1;0;0;0;1;10;5;7;0;0;1;31;8;23;0;0;120;372;131;1873;342;29;598;16;0;4;0;0;8;3;1;0;153;0;25;0;16;1;227;0;65;12;0;48;94;23;4;53;20;0;0;1278;57;Hombre;1
M1(03);M1;2003;277;6;9;8;67;59;13;16;364;27;0;0;0;3;0;0;0;0;0;0;1;10;4;6;1;1;3;23;7;22;0;3;81;262;105;1377;309;25;455;11;0;2;1;1;5;6;0;2;90;0;23;1;15;2;189;0;51;11;1;30;50;9;8;30;17;0;0;1018;41;Mujer;1
H1a4(03);H1a4;2003;130;11;14;2;30;25;0;5;170;32;1;0;0;4;1;1;0;0;0;0;6;40;32;16;0;1;1;26;4;10;0;2;0;0;0;1;0;0;0;95;1;24;0;0;138;17;13;0;87;0;32;0;39;2;122;0;68;18;1;18;37;9;7;35;20;0;0;99;45;Hombre;1a4
M1a4(03);M1a4;2003;118;8;16;2;31;22;0;6;158;17;0;0;0;4;0;1;2;0;0;0;9;44;16;12;0;0;1;25;5;7;0;2;0;0;0;1;0;0;1;75;0;7;0;3;67;10;9;1;57;0;25;1;34;0;134;0;59;17;0;11;29;10;3;20;16;0;0;116;34;Mujer;1a4
H5a14(03);H5a14;2003;15;7;15;5;24;20;0;5;66;26;2;0;2;1;0;2;3;0;0;0;8;127;69;19;6;2;5;10;7;33;1;3;0;0;0;0;0;0;0;316;3;31;5;8;143;12;6;0;106;35;181;1;51;2;31;0;96;11;3;4;27;11;6;23;20;0;0;46;48;Hombre;5a14
M5a14(03);M5a14;2003;14;12;14;3;23;19;0;5;69;17;1;1;2;2;0;0;0;0;0;0;5;97;55;10;2;4;4;29;4;34;0;6;0;0;0;0;0;0;0;156;0;16;0;3;50;10;0;0;40;47;93;5;28;7;19;1;74;6;0;10;18;12;4;20;27;0;3;45;56;Mujer;5a14
H15a44(03);H15a44;2003;51;186;87;9;65;75;4;1252;266;89;233;73;50;69;42;72;18;2;0;17;86;396;344;68;21;68;606;215;59;354;5;72;1;0;0;0;0;0;0;3011;51;272;24;69;455;47;48;4;673;1194;18962;369;1055;153;77;11;366;99;4;23;130;69;123;264;204;1;0;67;214;Hombre;15a44
M15a44(03);M15a44;2003;34;119;44;6;39;51;2;361;156;45;151;74;52;64;19;63;19;317;452;0;118;291;362;69;53;73;267;195;51;361;2;61;0;0;0;0;0;0;0;647;5;31;2;3;49;14;17;7;94;449;1589;26;184;154;52;4;263;77;4;13;108;37;56;207;172;0;520;62;403;Mujer;15a44
H45a64(03);H45a64;2003;47;284;67;13;51;111;2;391;359;86;774;203;215;327;161;632;105;1;0;242;160;396;755;128;31;397;3180;451;258;1349;13;265;0;0;0;0;0;0;0;1037;12;235;8;7;75;17;11;7;257;319;3033;3;290;936;92;13;192;686;7;37;185;109;562;564;367;12;0;12;250;Hombre;45a64
M45a64(03);M45a64;2003;43;106;28;9;44;71;0;80;248;43;431;229;151;420;161;390;52;908;925;0;335;347;708;114;53;375;1742;460;167;1442;6;152;0;0;0;0;0;0;0;289;0;39;0;0;12;4;2;8;66;60;326;0;56;1056;72;5;170;554;3;21;166;74;199;469;366;0;7;22;330;Mujer;45a64
H65(03);H65;2003;185;362;32;21;53;260;2;40;1580;72;1613;382;499;569;251;1275;227;4;0;1940;289;500;1230;197;24;2142;9094;1391;1331;4524;97;826;0;0;0;0;0;0;0;688;1;261;4;1;41;10;9;16;173;147;496;3;224;2101;476;34;391;4696;12;114;559;300;577;1719;1251;135;0;8;831;Hombre;65
M65(03);M65;2003;228;182;25;8;42;278;0;10;1682;83;1169;559;431;812;348;864;97;617;806;0;463;457;1256;224;54;2470;8459;1491;1367;5696;135;652;0;0;0;0;0;0;0;264;0;151;0;0;10;10;3;18;126;20;68;0;107;3115;581;37;341;3851;8;160;549;374;422;1879;1139;0;0;5;1131;Mujer;65
H1(04);H1;2004;296;3;11;3;80;101;11;13;455;27;0;0;0;1;0;1;0;0;0;0;1;5;7;3;1;1;1;28;7;9;0;0;110;354;79;1568;589;21;585;15;0;8;0;0;11;4;3;0;133;0;22;0;24;1;207;0;51;12;1;53;82;30;3;56;28;0;0;1335;47;Hombre;1
M1(04);M1;2004;224;5;7;8;55;94;6;15;391;26;0;0;0;1;0;1;0;0;0;0;1;8;3;6;0;0;0;31;11;17;0;2;72;217;71;1230;403;13;445;12;0;2;0;0;3;6;5;0;98;0;22;0;20;1;172;0;36;11;2;38;48;11;8;37;20;0;0;1043;35;Mujer;1
H1a4(04);H1a4;2004;102;11;12;1;30;29;0;8;162;27;0;0;0;1;0;0;0;0;0;0;8;40;38;11;0;0;2;16;7;19;0;1;1;0;0;0;0;0;0;88;0;19;1;3;141;13;14;1;77;0;31;0;51;1;111;0;71;13;0;9;24;16;4;22;24;0;0;108;28;Hombre;1a4
M1a4(04);M1a4;2004;93;8;11;1;29;16;1;11;135;22;0;0;0;2;0;1;0;0;0;0;7;54;38;11;0;0;1;25;7;11;0;0;0;0;0;0;0;0;2;61;0;16;1;1;66;10;4;0;68;0;20;0;22;5;105;0;49;18;3;7;27;9;3;25;22;0;0;101;20;Mujer;1a4
H5a14(04);H5a14;2004;12;3;12;3;27;21;0;12;74;17;2;1;1;2;0;7;1;0;0;0;7;119;70;13;2;2;2;15;8;21;0;4;0;0;0;1;0;0;0;285;0;27;4;7;149;8;2;0;102;56;145;3;65;3;18;0;67;13;0;13;12;8;4;17;22;0;0;37;54;Hombre;5a14
M5a14(04);M5a14;2004;10;4;13;2;19;18;0;6;86;14;2;1;0;1;0;4;1;0;0;0;6;79;48;13;2;2;0;24;7;21;0;6;0;0;0;0;0;0;0;131;0;13;2;3;51;5;1;0;40;41;67;1;25;7;26;1;71;11;0;9;14;5;4;17;18;0;7;47;51;Mujer;5a14
H15a44(04);H15a44;2004;38;177;59;11;75;81;5;1342;283;91;200;58;49;73;19;113;16;2;0;7;77;401;366;75;20;60;604;215;55;339;2;70;0;0;0;0;0;0;0;2916;25;298;26;66;469;28;67;4;695;1195;16542;407;1075;176;49;2;366;97;6;34;118;41;137;257;197;0;0;69;211;Hombre;15a44
M15a44(04);M15a44;2004;24;114;33;7;45;71;2;390;179;52;172;97;36;73;28;85;11;304;415;0;114;269;302;82;34;58;258;189;45;334;0;50;0;0;0;0;0;0;0;619;5;24;2;4;53;10;10;12;83;388;1329;31;165;136;46;1;234;78;1;18;96;41;52;223;183;0;523;62;399;Mujer;15a44
H45a64(04);H45a64;2004;53;289;58;21;41;113;6;472;363;64;826;227;215;293;154;671;150;3;0;205;164;373;735;106;33;409;3352;449;251;1346;6;259;0;0;0;0;0;0;0;1069;14;237;11;4;103;11;29;5;244;315;2769;10;300;944;97;8;214;677;4;29;166;79;528;608;391;8;0;13;233;Hombre;45a64
M45a64(04);M45a64;2004;49;93;37;9;35;110;2;90;268;37;462;246;172;393;170;405;40;932;910;0;345;373;705;100;65;343;1810;393;193;1385;10;198;0;0;0;0;0;0;0;268;5;41;0;0;11;11;6;8;55;49;291;1;59;1007;63;3;180;508;2;20;125;75;198;525;328;0;11;22;299;Mujer;45a64
H65(04);H65;2004;190;358;41;11;59;295;2;57;1590;97;1518;410;551;571;263;1393;251;12;0;2014;319;506;1130;191;55;2181;9770;1233;1449;4464;120;807;0;0;0;0;0;0;0;665;0;281;0;3;43;17;12;14;192;177;453;3;228;2018;473;11;319;4519;4;136;511;296;568;1842;1325;122;0;9;720;Hombre;65
M65(04);M65;2004;233;168;25;16;42;370;1;7;1750;76;1146;573;436;948;368;907;100;613;786;0;462;472;1236;221;70;2493;8803;1483;1456;5643;140;662;0;0;0;0;0;0;0;268;1;137;2;0;10;2;5;17;95;23;60;0;143;3108;548;26;325;3691;10;147;562;348;399;2013;1195;0;0;5;1117;Mujer;65
H1(05);H1;2005;233;5;10;11;76;105;10;13;450;27;0;0;0;0;0;0;0;0;0;0;0;6;5;10;0;0;2;25;11;19;0;1;65;271;89;1650;551;15;689;9;0;7;0;0;5;5;2;0;139;0;25;0;20;2;226;0;53;7;2;43;66;7;4;46;24;0;0;1224;57;Hombre;1
M1(05);M1;2005;156;3;7;19;68;79;8;7;363;23;0;0;0;1;0;0;1;0;0;0;0;8;5;11;0;0;0;31;7;7;0;1;69;188;67;1210;433;12;486;7;1;2;1;0;13;1;0;2;107;0;20;0;12;0;195;0;49;6;1;44;42;9;4;43;18;0;0;966;46;Mujer;1
H1a4(05);H1a4;2005;99;7;8;1;19;21;0;9;135;21;0;0;0;1;0;1;0;0;0;0;5;45;22;11;0;1;0;13;3;15;0;1;0;0;0;0;0;0;1;83;2;26;0;2;112;10;8;0;85;0;23;0;43;1;116;0;55;15;1;21;41;15;9;31;25;0;0;115;27;Hombre;1a4
M1a4(05);M1a4;2005;93;11;11;0;20;22;0;11;144;17;0;0;1;3;0;0;1;0;0;0;4;41;23;8;0;0;0;18;10;14;0;2;0;0;0;0;0;0;0;56;1;6;0;3;66;19;7;0;79;0;23;0;24;4;109;0;51;18;0;22;22;6;3;20;14;0;0;91;28;Mujer;1a4
H5a14(05);H5a14;2005;21;12;9;4;26;23;0;9;65;22;1;2;1;3;0;4;1;0;0;0;4;129;69;11;4;4;3;26;6;24;0;3;0;0;0;0;0;0;0;228;0;31;1;8;137;6;2;0;108;52;127;0;48;7;22;0;97;4;2;13;13;15;4;27;22;0;0;50;51;Hombre;5a14
M5a14(05);M5a14;2005;12;9;16;2;20;15;0;5;50;14;0;0;2;2;0;8;0;0;1;0;8;96;54;12;5;4;4;24;13;27;1;1;0;0;0;0;0;0;0;117;2;15;1;0;52;4;3;1;51;28;67;2;18;5;23;0;69;7;1;4;21;9;8;24;27;0;5;45;48;Mujer;5a14
H15a44(05);H15a44;2005;36;141;63;8;82;100;2;1283;264;83;222;62;58;65;31;116;28;0;0;11;87;378;327;66;17;59;617;247;78;337;6;80;0;0;0;0;0;0;0;2791;46;299;30;64;417;37;53;6;642;1115;13911;656;803;151;72;9;342;72;5;31;116;56;127;234;165;0;0;62;183;Hombre;15a44
M15a44(05);M15a44;2005;23;93;34;5;41;84;0;348;206;50;185;87;46;73;30;84;11;271;452;0;114;305;337;61;42;54;307;206;67;361;0;52;0;0;0;0;0;0;0;565;14;15;0;6;45;10;14;9;110;369;1228;50;147;131;48;4;236;71;3;24;97;32;59;194;202;0;492;59;391;Mujer;15a44
H45a64(05);H45a64;2005;31;264;53;13;58;133;3;461;427;86;884;208;241;299;151;669;129;9;0;238;189;423;711;115;27;329;3520;487;273;1367;6;290;0;0;0;0;0;0;0;1032;18;262;4;12;88;9;17;7;290;314;2339;28;304;885;106;1;240;666;5;44;216;81;534;620;384;8;0;14;251;Hombre;45a64
M45a64(05);M45a64;2005;56;84;21;5;28;107;0;83;305;59;450;245;176;417;157;414;36;899;887;0;372;334;680;99;50;297;1800;415;199;1297;3;186;0;0;0;0;0;0;0;281;2;31;0;0;9;5;4;11;72;55;200;1;57;958;59;4;187;465;4;24;161;74;253;488;320;0;6;13;337;Mujer;45a64
H65(05);H65;2005;153;314;38;21;48;375;3;54;1996;104;1621;423;518;565;304;1463;273;8;0;2016;337;552;1260;215;28;1991;10610;1302;1428;4579;42;845;0;0;0;0;0;0;0;615;2;289;1;1;50;9;11;9;227;157;368;1;272;2089;390;12;356;4770;9;163;628;319;617;1873;1535;126;0;4;925;Hombre;65
M65(05);M65;2005;216;159;35;5;56;404;1;11;2211;74;1176;545;385;865;375;930;95;683;781;0;519;521;1287;234;64;2411;9389;1562;1551;5746;58;684;0;0;0;0;0;0;0;237;1;150;0;0;11;5;4;19;136;13;62;0;150;3016;505;32;369;3843;7;186;635;371;408;2038;1368;0;0;4;1380;Mujer;65
H1(06);H1;2006;197;4;10;7;70;94;10;12;443;31;0;0;0;1;0;0;0;0;0;0;0;7;5;6;0;0;2;41;5;22;0;3;89;275;74;1449;491;15;708;12;0;7;0;0;14;3;2;1;168;0;21;0;12;1;182;0;60;20;1;20;84;18;4;66;44;0;0;1248;51;Hombre;1
M1(06);M1;2006;136;7;8;10;53;72;6;8;360;20;0;0;0;0;0;0;0;0;0;0;3;4;3;5;0;0;1;21;5;9;0;0;58;236;68;1067;345;21;476;11;0;4;0;0;9;4;3;1;127;0;22;0;13;0;192;0;42;10;0;13;51;15;2;41;18;0;0;1042;45;Mujer;1
H1a4(06);H1a4;2006;94;10;10;0;35;18;0;7;161;18;1;1;1;4;0;0;0;0;0;0;2;42;31;5;1;0;0;17;8;9;0;3;0;0;0;1;0;0;1;67;1;20;3;0;121;16;6;0;92;0;16;0;29;0;78;0;66;13;1;7;32;16;7;26;20;0;0;94;35;Hombre;1a4
M1a4(06);M1a4;2006;73;10;9;0;19;24;0;7;158;13;0;0;0;3;0;0;1;0;0;0;7;36;26;6;0;1;1;26;8;8;0;0;0;1;0;1;0;0;0;65;1;8;0;1;75;8;5;1;67;0;25;0;22;1;92;0;58;12;2;7;17;6;3;23;14;0;0;106;27;Mujer;1a4
H5a14(06);H5a14;2006;19;5;23;5;20;23;0;7;85;21;2;2;0;4;0;8;1;0;0;0;5;131;47;16;2;3;7;30;7;16;0;5;0;0;0;0;0;0;0;248;3;17;0;10;144;12;5;1;106;46;141;4;36;5;20;0;84;14;2;6;20;19;4;30;16;0;0;42;55;Hombre;5a14
M5a14(06);M5a14;2006;13;6;12;2;19;16;0;4;71;16;0;1;0;2;0;7;2;0;1;0;8;95;50;18;0;2;3;30;5;26;0;6;0;0;0;1;0;0;0;103;4;14;0;0;52;8;2;0;65;40;52;3;27;4;17;0;73;7;0;5;22;12;6;17;24;0;5;45;59;Mujer;5a14
H15a44(06);H15a44;2006;39;159;65;14;66;67;1;1198;280;77;194;83;62;55;30;106;23;0;0;13;88;384;326;78;25;48;604;252;73;385;0;62;0;0;0;0;0;0;0;2920;57;316;24;40;414;47;51;9;640;1177;13310;688;864;119;70;2;387;68;3;19;139;50;137;241;153;0;0;57;233;Hombre;15a44
M15a44(06);M15a44;2006;21;91;24;6;37;60;0;347;223;57;170;85;45;57;18;92;12;329;385;0;115;267;342;78;40;48;280;206;48;325;0;50;0;0;0;0;0;0;0;660;7;15;1;5;47;15;8;12;94;346;1051;43;130;122;51;4;238;71;8;13;93;42;58;214;162;0;507;53;436;Mujer;15a44
H45a64(06);H45a64;2006;36;259;52;12;47;104;4;542;465;81;889;225;266;348;177;658;140;10;0;213;157;407;779;157;38;313;3577;519;261;1429;9;280;0;0;0;0;0;0;1;1094;26;253;8;4;90;17;27;8;285;323;2352;36;286;800;101;5;260;701;5;34;237;116;571;679;491;5;0;16;261;Hombre;45a64
M45a64(06);M45a64;2006;46;81;39;5;36;80;2;121;301;46;513;285;190;379;170;426;45;914;844;0;391;365;642;192;67;303;1958;392;214;1360;10;167;0;0;0;0;0;0;0;246;2;32;0;0;14;10;5;16;67;55;191;1;57;911;56;1;188;481;3;25;175;72;206;540;388;0;7;22;362;Mujer;45a64
H65(06);H65;2006;175;318;41;14;56;305;1;71;2001;89;1610;516;539;628;319;1531;231;9;0;1968;314;583;1186;285;44;2158;10647;1352;1694;4687;78;915;0;0;0;0;0;0;0;627;2;311;3;1;64;14;5;20;253;171;323;6;248;2163;457;18;386;4825;7;117;687;386;617;2014;1693;157;0;9;1011;Hombre;65
M65(06);M65;2006;212;142;23;11;38;348;0;8;2204;100;1163;544;427;904;397;973;87;667;792;0;503;511;1374;298;59;2573;9622;1524;1772;5961;99;765;0;0;0;0;0;0;0;234;1;179;0;0;17;11;2;30;179;19;52;0;140;3057;529;15;425;3954;7;131;683;398;439;2174;1618;0;0;7;1507;Mujer;65
H1(07);H1;2007;182;6;13;5;52;71;8;12;445;34;0;0;0;1;0;0;0;0;0;0;0;10;4;5;0;0;0;34;8;15;0;0;106;323;70;1441;535;17;682;12;0;4;0;0;5;2;0;0;151;0;11;0;18;0;166;0;67;13;1;10;85;19;6;48;33;0;0;1252;63;Hombre;1
M1(07);M1;2007;162;3;7;7;36;80;6;6;317;27;1;0;0;0;0;0;1;0;0;0;0;6;7;10;0;0;1;28;6;5;0;1;71;225;49;968;405;8;514;12;1;4;0;0;10;4;0;0;127;0;16;0;19;0;133;0;47;5;2;13;66;18;5;34;17;0;0;1047;49;Mujer;1
H1a4(07);H1a4;2007;82;6;12;2;21;21;0;11;140;17;0;0;4;1;0;2;0;0;0;0;4;49;28;7;2;1;0;21;7;7;0;0;0;0;0;1;0;0;2;54;3;21;0;0;124;11;10;1;86;1;27;0;40;3;64;0;57;18;0;6;26;13;3;22;13;0;0;102;30;Hombre;1a4
M1a4(07);M1a4;2007;80;5;12;0;19;26;0;6;130;17;0;0;0;2;0;0;0;0;0;0;8;37;27;6;0;0;0;19;2;14;0;0;0;0;1;3;1;1;3;46;2;12;1;1;64;9;6;0;62;0;23;0;21;1;56;0;62;16;1;5;19;4;4;21;20;0;0;97;32;Mujer;1a4
H5a14(07);H5a14;2007;10;6;19;2;18;22;0;7;71;10;2;1;0;4;0;5;0;0;0;0;10;134;68;28;6;5;2;26;6;22;0;2;0;0;0;0;0;0;0;203;4;35;5;7;124;17;4;0;82;37;130;1;50;4;21;1;106;7;2;1;13;11;4;23;13;0;0;37;44;Hombre;5a14
M5a14(07);M5a14;2007;14;11;12;2;11;18;0;9;60;25;2;0;2;2;0;3;0;0;1;0;10;75;53;22;0;3;3;24;4;17;0;4;0;0;0;1;0;0;0;100;4;11;0;0;50;6;3;1;40;41;63;1;24;8;16;0;74;1;0;5;14;13;2;22;20;0;7;37;49;Mujer;5a14
H15a44(07);H15a44;2007;28;155;45;13;52;73;2;1264;300;89;197;74;51;64;25;87;31;1;0;12;87;389;386;97;19;47;580;258;61;339;2;68;0;0;0;1;0;0;0;3178;55;305;25;46;399;37;60;5;653;1193;13087;633;770;127;63;5;376;86;4;32;124;61;126;258;173;3;0;62;223;Hombre;15a44
M15a44(07);M15a44;2007;28;106;26;5;28;49;0;428;178;48;178;79;46;54;28;68;10;321;380;0;121;278;320;94;30;50;261;188;46;363;1;56;0;0;0;1;0;0;0;631;10;22;0;3;51;16;14;5;81;360;1055;46;127;147;40;7;240;74;3;10;92;38;43;224;168;0;484;48;405;Mujer;15a44
H45a64(07);H45a64;2007;61;310;54;24;61;106;3;534;446;90;962;225;235;294;174;670;109;3;0;228;147;405;772;161;32;316;3627;498;260;1362;9;252;0;0;0;0;0;0;0;1145;12;287;11;11;91;10;26;11;271;323;2203;43;323;790;89;4;246;641;5;25;230;110;534;682;414;12;0;21;289;Hombre;45a64
M45a64(07);M45a64;2007;49;90;26;9;30;111;1;113;282;61;475;266;192;396;180;401;33;1008;850;0;429;386;720;168;58;268;1757;434;195;1329;7;221;0;0;0;0;0;0;0;273;3;45;0;1;15;5;4;16;45;49;194;0;51;859;58;7;202;443;1;15;140;87;233;500;375;0;12;21;392;Mujer;45a64
H65(07);H65;2007;186;340;46;17;68;286;2;81;1911;86;1708;507;596;621;320;1585;246;10;0;2158;372;602;1273;314;48;2159;10808;1363;1449;4742;76;909;0;0;0;0;0;0;0;725;5;299;6;2;57;23;7;14;259;187;352;1;230;2142;402;14;391;4872;10;134;624;373;590;2058;1837;167;0;10;1055;Hombre;65
M65(07);M65;2007;273;161;35;9;26;346;2;10;2127;98;1198;654;426;904;441;996;108;782;803;0;511;573;1397;350;62;2517;9986;1624;1665;5844;100;786;0;0;0;0;0;0;0;225;0;148;0;0;12;9;3;24;183;7;54;1;141;3035;452;12;421;4250;5;114;663;410;472;2282;1727;0;0;9;1640;Mujer;65
H1(08);H1;2008;141;8;9;6;43;79;6;2;415;24;0;0;1;0;0;0;1;0;0;0;1;7;6;3;0;0;0;18;9;8;0;0;111;309;83;1512;452;14;620;13;1;2;0;0;6;4;1;0;121;0;14;0;20;0;178;0;58;11;1;18;92;20;3;38;42;0;0;1332;40;Hombre;1
M1(08);M1;2008;91;4;8;9;39;61;4;4;279;17;0;0;0;1;0;0;0;0;0;0;2;10;3;11;0;1;0;24;9;4;0;0;80;229;74;1056;316;9;473;6;0;1;0;0;7;5;1;0;97;0;13;0;25;0;163;0;36;7;0;9;69;10;5;31;21;0;0;1074;28;Mujer;1
H1a4(08);H1a4;2008;60;11;6;1;29;23;0;6;104;22;0;0;2;2;0;0;0;0;0;0;7;47;25;10;0;0;0;15;3;5;0;1;0;0;0;0;0;0;0;54;1;17;0;1;113;11;6;0;72;0;18;0;47;0;88;0;66;23;0;6;30;11;3;19;20;0;0;118;30;Hombre;1a4
M1a4(08);M1a4;2008;54;10;9;0;8;19;0;7;85;21;0;0;0;2;0;0;0;0;0;0;4;36;20;6;0;0;0;15;3;10;0;1;0;0;0;1;0;0;0;53;0;11;0;1;71;5;6;0;64;0;18;0;35;1;73;1;59;12;0;7;31;8;6;10;11;0;0;107;22;Mujer;1a4
H5a14(08);H5a14;2008;21;4;12;2;12;18;0;2;59;16;1;1;0;4;0;5;3;0;0;0;4;116;61;25;4;0;5;27;4;25;0;1;0;0;0;0;0;0;0;191;2;30;7;7;109;7;4;0;84;47;135;2;48;4;16;0;105;10;0;3;21;19;1;34;14;0;0;54;32;Hombre;5a14
M5a14(08);M5a14;2008;8;6;15;2;6;15;0;4;43;15;0;0;2;4;1;4;0;0;1;0;11;83;47;12;1;0;2;15;6;12;0;4;0;0;0;0;0;0;0;88;0;10;0;1;55;5;2;1;34;43;61;0;21;4;11;0;84;6;0;3;20;15;1;16;24;0;9;56;45;Mujer;5a14
H15a44(08);H15a44;2008;38;184;28;11;61;53;3;1,222;268;85;165;63;57;58;30;101;23;2;0;11;76;421;356;105;20;44;573;179;62;318;0;64;0;0;0;0;0;0;0;3183;28;296;23;26;428;18;69;12;655;1187;12,446;331;878;156;59;4;388;66;5;25;109;55;133;222;166;1;0;97;213;Hombre;15a44
M15a44(08);M15a44;2008;22;95;27;4;37;46;1;384;211;56;201;101;64;71;21;58;11;306;413;0;114;269;339;103;24;34;268;150;41;337;0;50;0;0;0;0;0;0;0;602;6;27;0;2;54;11;16;16;80;337;1,011;26;147;135;34;4;258;51;3;20;83;58;52;235;137;0;416;79;410;Mujer;15a44
H45a64(08);H45a64;2008;43;298;50;18;51;109;5;565;431;93;884;252;293;314;201;697;118;2;0;258;179;439;725;210;45;344;3724;398;217;1279;3;268;0;0;0;0;0;0;0;1096;16;305;14;5;100;16;28;12;267;365;2,165;14;389;875;112;9;255;732;4;36;194;113;588;740;453;6;0;23;282;Hombre;45a64
M45a64(08);M45a64;2008;41;79;34;8;32;82;1;111;297;58;510;283;218;393;179;408;41;1,013;863;0;378;354;705;190;65;277;1945;398;170;1373;1;191;0;0;0;0;0;0;0;278;1;32;0;1;13;9;4;10;68;57;198;0;83;924;59;6;224;423;2;20;162;89;250;499;405;0;6;28;403;Mujer;45a64
H65(08);H65;2008;141;318;58;6;60;308;4;73;1836;98;1676;488;560;623;322;1,538;262;8;0;2,185;355;630;1283;388;53;2,237;11577;1,235;1,286;4896;39;947;0;0;0;0;0;0;0;659;3;336;4;1;64;11;5;20;239;173;374;2;339;2140;471;33;459;5385;6;143;619;425;597;2208;2,036;125;0;18;1,083;Hombre;65
M65(08);M65;2008;207;145;42;9;34;345;4;8;1862;112;1111;678;451;990;491;1,030;108;749;842;0;572;584;1329;454;92;2,779;10576;1,444;1,308;6169;55;785;0;0;0;0;0;0;0;240;1;212;0;0;8;12;2;29;139;11;63;0;177;3098;582;26;542;4743;6;169;692;468;511;2433;1,849;0;0;24;1,716;Mujer;65
H1(09);H1;2009;141;2;5;6;42;56;11;6;332;15;0;0;0;1;0;0;0;0;0;0;2;8;4;15;2;0;8;48;5;16;0;1;90;244;60;1,356;398;21;544;11;0;4;0;0;7;1;0;1;101;0;17;0;37;2;136;1;64;13;1;12;66;26;3;53;26;0;0;1,119;59;Hombre;1
M1(09);M1;2009;91;4;6;5;28;55;3;9;260;17;0;0;0;1;0;0;0;0;0;0;0;6;7;7;1;0;4;43;9;19;0;2;65;224;44;991;314;14;391;11;0;4;0;1;2;3;1;0;71;0;9;0;21;1;132;0;43;6;1;12;63;16;4;33;18;0;0;951;58;Mujer;1
H1a4(09);H1a4;2009;60;8;3;1;23;17;0;4;120;17;0;0;0;2;0;1;0;0;0;0;6;41;33;15;0;1;4;20;4;11;0;2;0;0;0;3;0;0;2;82;0;15;1;1;103;15;4;0;51;0;25;1;41;0;45;1;60;14;1;5;22;6;3;23;10;0;0;103;36;Hombre;1a4
M1a4(09);M1a4;2009;54;8;12;0;16;12;1;7;106;15;0;0;2;0;0;1;1;0;0;0;4;30;34;6;0;1;2;20;7;12;0;1;0;0;0;6;0;1;2;31;2;10;0;1;60;5;4;0;41;0;18;0;20;1;79;0;72;11;0;7;21;7;5;20;17;0;0;86;29;Mujer;1a4
H5a14(09);H5a14;2009;21;11;16;5;11;10;0;3;57;12;0;2;0;2;1;2;0;0;0;0;8;132;79;31;0;1;12;20;4;33;0;2;0;0;0;3;0;1;0;185;2;25;2;2;111;8;5;0;66;54;140;0;51;2;13;0;115;10;0;8;21;9;6;21;23;0;0;49;46;Hombre;5a14
M5a14(09);M5a14;2009;8;6;9;0;14;17;0;6;49;9;0;1;0;4;0;4;2;0;0;0;7;98;63;26;1;0;6;17;8;11;0;1;0;0;0;2;0;2;0;78;0;7;2;2;55;2;3;2;28;32;67;0;34;5;20;0;71;3;2;4;15;14;4;15;17;0;4;45;51;Mujer;5a14
H15a44(09);H15a44;2009;38;139;31;12;59;47;0;1,155;383;85;185;78;70;43;28;66;27;0;0;8;88;397;341;144;12;50;601;237;60;326;0;57;0;0;0;10;0;0;0;3,093;15;297;24;26;391;44;46;10;558;1,202;14,731;279;854;140;62;8;376;76;3;23;143;65;108;235;161;0;0;88;209;Hombre;15a44
M15a44(09);M15a44;2009;22;97;14;4;31;39;1;365;274;44;184;92;54;65;21;58;13;341;395;0;113;296;312;148;19;47;222;156;44;325;0;56;0;0;0;3;0;0;1;667;3;26;0;1;45;8;8;13;74;328;1,183;39;155;150;49;3;244;54;5;8;82;44;48;211;139;0;488;70;425;Mujer;15a44
H45a64(09);H45a64;2009;43;263;53;11;52;95;3;552;503;87;879;292;265;292;223;714;111;1;0;237;206;429;753;265;12;368;3,600;526;235;1,333;3;260;0;0;0;1;0;0;0;1,162;8;314;13;7;93;10;16;8;276;373;2,408;6;379;743;96;8;297;663;4;35;227;129;522;711;425;11;0;32;328;Hombre;45a64
M45a64(09);M45a64;2009;41;95;31;5;31;61;1;134;340;55;510;319;209;428;202;425;38;1,070;884;0;439;405;685;293;33;246;1,848;428;145;1,277;4;155;0;0;0;1;0;0;0;271;1;29;0;1;6;7;2;13;57;69;253;0;63;829;52;4;217;450;9;16;140;86;240;563;380;0;6;34;459;Mujer;45a64
H65(09);H65;2009;141;307;59;4;58;275;2;76;1,957;116;1,633;539;578;632;328;1,569;270;8;0;2,173;373;660;1,409;510;18;2,304;11,094;1,338;1,277;4,597;39;880;0;0;0;1;0;0;0;725;2;325;4;2;38;14;11;19;209;174;407;1;290;1,852;464;46;503;5,040;7;158;726;430;619;2,141;1,881;142;0;9;1,131;Hombre;65
M65(09);M65;2009;207;147;36;3;36;336;2;20;2,065;99;1,059;690;433;910;481;1,046;110;829;803;0;559;591;1,470;556;46;2,631;10,130;1,636;1,419;5,901;36;793;0;0;0;0;0;0;0;240;0;219;0;0;8;5;2;24;132;19;80;0;174;2,742;515;52;551;4,233;8;176;682;481;514;2,464;1,756;0;1;22;1,815;Mujer;65
H1(10);H1;2010;89;5;12;2;39;47;15;4;289;15;0;0;0;1;0;0;0;0;0;0;0;5;6;11;0;0;0;38;11;13;0;3;76;186;101;1,023;305;18;501;8;0;3;0;0;4;3;1;1;76;0;18;0;34;2;127;0;62;7;0;13;56;16;3;49;32;0;0;1,195;37;Hombre;1
M1(10);M1;2010;61;0;14;2;25;37;5;11;199;18;0;0;0;2;0;0;0;0;0;0;1;6;2;15;0;0;0;27;8;10;0;1;84;160;85;783;231;7;381;8;0;6;0;0;5;3;1;2;62;0;11;0;20;0;103;0;47;7;0;4;40;9;2;22;14;0;0;899;43;Mujer;1
H1a4(10);H1a4;2010;45;5;12;1;16;10;0;3;114;13;0;0;0;5;0;0;0;0;0;0;6;40;21;14;0;0;0;23;9;6;0;0;0;0;0;1;0;0;0;42;1;16;0;1;107;6;3;0;57;0;15;0;32;1;59;0;66;12;2;4;38;7;1;20;13;0;0;97;39;Hombre;1a4
M1a4(10);M1a4;2010;30;3;20;0;7;17;0;3;104;15;1;0;0;1;0;2;0;0;0;0;4;24;23;21;0;0;0;21;8;13;0;3;1;0;0;0;0;1;3;36;0;11;0;0;66;3;2;0;56;0;15;0;26;0;59;0;72;9;1;2;26;3;2;18;10;0;0;76;24;Mujer;1a4
H5a14(10);H5a14;2010;20;10;18;3;6;14;0;5;60;17;1;0;1;1;1;2;1;0;0;0;4;120;68;35;1;3;5;15;9;27;0;0;0;0;0;4;0;0;0;145;2;22;2;3;113;7;0;0;67;41;172;1;63;2;16;3;114;10;1;1;13;13;0;25;20;0;0;38;45;Hombre;5a14
M5a14(10);M5a14;2010;10;9;20;1;15;6;0;3;54;7;1;0;0;0;0;1;1;0;0;0;5;84;62;26;1;1;3;34;5;11;0;0;0;0;0;1;0;0;0;84;2;13;2;2;52;4;3;2;32;39;77;1;35;0;12;0;88;5;2;0;14;5;3;13;11;0;7;49;67;Mujer;5a14
H15a44(10);H15a44;2010;27;141;53;8;60;54;2;1,156;355;83;203;91;61;37;29;86;22;0;0;12;92;380;302;144;21;53;555;188;51;285;1;72;0;0;0;4;0;0;0;2,920;42;262;26;31;412;21;63;4;669;1,159;13,718;227;944;125;44;7;383;52;3;24;123;76;138;256;151;0;0;100;241;Hombre;15a44
M15a44(10);M15a44;2010;16;74;36;1;41;29;0;403;229;36;205;84;60;62;23;58;13;356;393;0;109;267;301;153;29;41;245;157;56;297;0;55;0;0;0;2;0;0;0;562;12;28;2;1;37;13;19;9;76;299;1,135;31;149;121;52;6;218;50;4;7;84;57;46;204;138;0;444;66;445;Mujer;15a44
H45a64(10);H45a64;2010;45;242;78;11;38;76;5;600;552;81;907;299;275;332;217;712;120;7;0;261;190;476;752;311;34;420;3,839;490;223;1,276;4;262;0;0;0;0;0;0;0;1,077;11;283;10;5;94;11;32;5;317;355;2,323;6;350;797;121;13;312;663;6;39;250;140;618;703;455;13;0;36;380;Hombre;45a64
M45a64(10);M45a64;2010;40;83;43;3;28;70;0;138;391;50;451;335;226;396;195;462;38;1,155;907;0;437;410;780;350;39;316;1,867;383;188;1,288;0;176;0;0;0;0;0;0;0;232;4;34;1;0;10;4;3;9;63;47;215;0;73;913;80;4;251;427;4;14;198;108;237;560;440;0;23;40;525;Mujer;45a64
H65(10);H65;2010;136;257;77;10;43;256;6;82;2,105;103;1,693;588;551;681;369;1,574;244;8;0;2,170;388;717;1,351;607;36;2,564;11,841;1,363;1,209;4,605;29;826;0;0;0;0;0;0;0;628;3;332;1;4;51;11;7;6;179;155;345;0;345;1,946;530;58;607;5,212;6;178;859;443;664;2,273;2,040;162;0;31;1,311;Hombre;65
M65(10);M65;2010;196;139;57;9;25;315;2;18;2,286;109;1,058;731;445;975;472;1,089;83;878;799;0;584;666;1,434;651;71;2,948;10,970;1,667;1,305;5,804;33;737;0;0;0;0;0;0;0;249;1;204;0;0;9;2;1;5;118;12;60;0;182;2,937;608;74;667;4,757;9;223;867;476;485;2,523;1,902;0;0;36;2,071;Mujer;65
H1(11);H1;2011;62;3;5;10;22;41;7;5;301;21;0;0;0;0;0;0;1;0;0;0;0;5;1;13;0;0;0;21;11;9;0;1;73;179;97;1,024;419;12;571;7;1;4;0;0;11;2;1;0;73;0;13;0;24;2;93;0;35;8;0;7;54;15;4;36;19;0;0;1,064;39;Hombre;1
M1(11);M1;2011;35;2;3;5;25;39;7;4;204;16;0;0;0;1;0;0;0;0;0;0;1;6;2;11;1;0;0;23;8;8;0;0;48;144;81;805;311;8;384;5;0;2;0;0;4;0;0;0;67;0;11;0;11;2;87;0;35;5;0;4;42;9;2;28;16;0;0;939;35;Mujer;1
H1a4(11);H1a4;2011;35;5;4;0;16;12;1;7;104;12;0;0;0;4;0;1;0;0;0;0;3;33;25;16;0;0;0;14;9;7;0;0;0;0;0;4;0;0;3;46;1;12;0;1;88;4;3;0;47;0;22;0;37;0;51;0;57;6;2;0;18;7;2;19;15;0;0;84;24;Hombre;1a4
M1a4(11);M1a4;2011;28;4;8;1;8;10;0;0;74;15;0;0;1;2;0;1;0;0;0;0;0;28;25;14;0;0;0;16;2;9;0;0;0;0;0;3;0;0;1;30;1;8;1;0;52;1;7;0;52;1;13;0;23;0;57;0;64;5;1;2;18;10;1;24;8;0;0;89;29;Mujer;1a4
H5a14(11);H5a14;2011;6;4;11;0;11;17;0;5;40;15;1;2;0;0;0;2;2;0;0;0;5;127;61;24;2;3;11;24;5;20;0;3;0;0;0;2;0;0;0;146;3;19;5;3;113;6;2;0;80;41;138;0;47;0;14;1;114;3;2;3;10;16;2;24;13;0;0;40;43;Hombre;5a14
M5a14(11);M5a14;2011;10;4;5;1;5;11;0;4;37;7;0;0;2;2;0;4;1;0;0;0;7;91;65;29;2;2;5;14;6;15;0;1;0;0;0;3;0;0;0;92;0;7;2;0;30;4;1;0;42;34;53;2;30;2;11;0;79;6;2;2;13;13;3;18;16;0;12;32;37;Mujer;5a14
H15a44(11);H15a44;2011;22;129;32;5;55;48;5;1,100;256;57;206;77;58;55;38;68;20;1;0;8;95;401;314;153;19;44;515;187;74;319;0;66;0;0;0;0;0;0;0;2,826;35;231;37;26;372;22;76;6;594;1,110;12,488;229;828;116;39;12;369;59;4;20;137;85;89;220;140;0;0;68;227;Hombre;15a44
M15a44(11);M15a44;2011;17;69;20;1;26;50;1;394;206;34;216;68;52;56;29;57;8;309;345;0;107;271;282;158;25;47;239;157;52;287;0;39;0;0;0;2;0;0;0;536;4;30;0;0;55;10;12;12;90;270;1,054;16;147;118;35;5;222;57;4;10;97;46;55;207;125;0;438;75;414;Mujer;15a44
H45a64(11);H45a64;2011;32;221;44;9;44;114;6;603;529;79;993;294;292;301;206;692;111;4;0;265;193;501;767;368;23;452;3,770;430;226;1,287;3;258;0;0;0;0;0;0;0;1,020;6;268;18;3;104;15;46;7;300;364;2,098;10;312;767;120;10;293;682;7;30;281;155;527;702;430;8;0;14;335;Hombre;45a64
M45a64(11);M45a64;2011;25;86;35;2;34;98;1;147;355;53;500;351;200;410;204;458;39;1,150;817;0;508;400;701;324;36;343;1,831;363;163;1,269;1;165;0;0;0;0;0;0;0;229;2;35;1;2;15;2;4;8;71;63;229;1;81;786;73;7;239;370;5;26;192;95;190;536;397;0;9;27;447;Mujer;45a64
H65(11);H65;2011;124;262;53;4;38;310;4;73;1,896;91;1,582;599;553;630;408;1,612;213;9;0;2,109;385;689;1,323;632;46;2,713;11,917;1,303;1,163;4,564;28;769;0;0;0;0;0;0;0;682;1;332;2;0;41;8;21;6;221;147;336;1;382;2,012;499;40;546;5,203;4;154;938;434;615;2,181;1,940;144;0;15;1,246;Hombre;65
M65(11);M65;2011;178;113;40;5;36;342;3;12;2,196;97;1,010;684;426;928;479;1,068;83;860;801;0;547;646;1,390;691;57;3,051;11,054;1,622;1,223;5,612;27;683;0;0;0;0;0;0;0;223;4;181;1;0;12;7;3;10;140;15;44;0;195;2,924;571;63;570;4,663;8;224;934;464;508;2,328;1,894;0;0;19;2,003;Mujer;65
H1(12);H1;2012;68;2;11;30;23;56;5;5;305;10;0;0;0;0;0;0;0;0;0;0;0;4;5;16;0;0;0;24;11;9;0;0;77;165;125;989;464;12;519;6;0;1;0;0;6;0;1;0;61;0;10;0;21;1;136;0;35;7;5;4;46;14;0;29;33;0;0;1,109;45;Hombre;1
M1(12);M1;2012;41;3;7;26;19;56;9;3;232;7;0;0;0;0;0;0;1;0;0;0;2;7;1;10;0;0;0;27;11;10;0;0;55;112;84;741;358;7;404;8;0;2;1;0;3;1;2;2;56;0;16;0;18;0;91;0;32;3;1;4;29;12;2;17;12;0;0;949;24;Mujer;1
H1a4(12);H1a4;2012;23;5;8;2;12;13;0;3;79;15;0;0;0;7;0;0;1;0;0;1;3;28;30;27;0;0;0;21;2;8;0;1;1;0;0;7;0;0;1;49;1;10;0;0;89;2;5;1;50;0;20;0;26;1;44;1;57;8;2;3;27;9;3;8;17;0;0;80;20;Hombre;1a4
M1a4(12);M1a4;2012;20;2;5;0;12;14;0;3;75;20;0;0;1;1;0;0;1;0;0;0;2;34;25;13;0;1;0;22;7;6;0;3;0;0;0;6;0;0;5;28;0;6;0;1;40;3;5;0;33;0;17;0;22;0;54;0;39;6;0;6;18;2;3;11;13;0;0;93;21;Mujer;1a4
H5a14(12);H5a14;2012;7;2;14;4;10;13;0;7;42;9;0;0;0;0;0;1;2;0;0;0;10;100;66;26;0;5;2;25;10;24;0;1;0;0;0;8;0;1;2;150;5;17;4;3;93;2;0;0;48;44;124;2;38;1;15;1;80;4;3;0;12;10;4;10;17;0;0;55;39;Hombre;5a14
M5a14(12);M5a14;2012;7;1;11;2;7;10;0;5;54;9;0;0;0;2;0;1;1;0;0;0;7;100;48;31;2;2;6;20;4;15;0;1;0;0;0;3;0;0;0;72;0;6;0;1;29;3;7;3;35;33;68;1;36;8;13;3;63;1;1;1;11;10;2;15;16;0;7;46;51;Mujer;5a14
H15a44(12);H15a44;2012;27;141;31;12;51;56;1;1,038;288;97;193;87;52;50;34;59;21;0;0;6;124;384;348;144;8;70;588;203;41;291;1;67;0;0;0;7;0;1;1;3,027;27;222;25;29;361;33;106;5;597;1,155;11,679;188;771;120;62;4;363;64;10;15;125;48;93;222;154;0;0;81;222;Hombre;15a44
M15a44(12);M15a44;2012;6;76;18;3;20;45;2;377;206;41;209;78;43;45;32;55;13;353;391;0;136;304;327;151;18;43;226;144;48;288;0;40;0;0;0;5;0;0;0;562;2;28;4;0;41;8;23;8;68;271;936;33;170;128;44;4;222;43;8;6;85;47;45;204;124;0;440;74;449;Mujer;15a44
H45a64(12);H45a64;2012;28;227;50;7;42;105;3;608;543;96;945;332;295;331;227;708;105;2;0;270;241;517;817;375;29;480;3,916;433;217;1,327;3;232;0;0;0;1;0;0;0;1,122;19;257;25;7;100;8;40;0;287;358;2,056;4;444;817;113;11;295;623;8;40;236;127;562;729;486;10;0;12;358;Hombre;45a64
M45a64(12);M45a64;2012;36;78;38;2;22;109;4;132;349;54;516;334;203;420;220;513;40;1,201;803;0;459;451;769;382;28;373;1,866;374;140;1,216;1;155;0;0;0;0;0;0;0;248;0;45;0;0;9;9;9;7;49;66;202;0;90;857;56;8;221;396;7;20;180;91;239;566;428;0;5;20;513;Mujer;45a64
H65(12);H65;2012;134;285;64;22;46;355;7;78;2,175;111;1,673;644;573;677;388;1,564;231;5;0;2,222;389;757;1,461;738;31;2,838;12,993;1,323;1,004;4,653;34;796;0;1;0;0;0;0;0;759;5;295;2;1;51;13;17;8;199;175;340;2;388;2,157;507;59;525;5,172;14;194;973;438;670;2,221;2,261;177;0;9;1,109;Hombre;65
M65(12);M65;2012;171;143;34;11;23;386;0;18;2,321;103;1,114;751;467;1,008;527;1,156;95;934;800;0;620;686;1,468;806;42;3,180;11,711;1,622;1,082;5,764;33;716;0;0;0;1;0;0;0;249;0;173;1;0;15;16;1;14;133;17;54;1;209;3,064;607;78;607;4,781;5;258;923;519;506;2,544;1,970;0;0;14;1,767;Mujer;65
H1(13);H1;2013;67;3;13;15;20;45;9;4;243;20;0;0;0;0;0;0;0;0;0;0;1;4;4;13;0;0;0;36;11;15;0;0;78;174;169;844;437;5;447;6;0;1;0;0;5;1;0;1;53;0;10;0;17;1;105;0;44;6;2;10;55;17;1;26;17;0;0;1,131;41;Hombre;1
M1(13);M1;2013;41;0;8;14;17;31;8;0;194;16;0;0;1;2;0;1;1;0;0;0;1;4;2;7;0;0;0;22;5;10;0;5;61;136;94;640;332;4;373;9;0;2;0;0;2;2;0;1;35;0;7;0;7;0;81;0;35;4;1;6;28;11;2;32;13;0;0;843;35;Mujer;1
H1a4(13);H1a4;2013;19;10;15;1;8;13;0;2;95;15;0;0;0;6;0;0;1;0;0;0;6;42;31;18;0;0;0;17;4;9;0;2;0;0;0;6;0;0;4;39;1;10;1;0;76;5;6;1;52;0;8;0;26;2;57;0;68;10;0;4;21;8;3;14;10;0;0;91;39;Hombre;1a4
M1a4(13);M1a4;2013;20;9;14;2;10;17;0;0;88;15;0;0;0;2;0;1;0;0;0;0;6;31;21;15;1;0;0;11;6;6;0;0;0;0;0;9;0;1;6;32;0;5;2;0;53;1;4;0;39;0;14;0;23;0;48;0;43;8;1;3;16;6;4;16;7;0;0;79;32;Mujer;1a4
H5a14(13);H5a14;2013;11;1;25;0;9;17;0;5;45;12;1;0;1;3;1;0;4;0;0;0;3;123;51;27;0;0;5;21;7;30;0;3;0;0;0;6;0;1;3;137;0;18;1;2;104;2;1;1;40;41;147;1;42;2;13;0;111;3;1;1;12;11;2;23;9;0;0;34;56;Hombre;5a14
M5a14(13);M5a14;2013;10;3;25;0;3;9;0;2;34;10;0;0;1;3;0;2;0;0;0;0;7;107;68;23;2;1;1;13;3;18;0;1;0;0;0;6;0;0;0;80;1;1;1;1;42;4;1;1;21;36;55;0;23;5;19;0;77;6;1;1;8;8;4;10;16;0;3;40;47;Mujer;5a14
H15a44(13);H15a44;2013;21;128;53;19;50;54;4;1,060;332;76;209;70;88;39;31;67;14;0;0;7;102;412;360;163;8;54;552;190;45;287;1;59;0;0;0;10;0;0;1;3,209;14;232;30;28;336;28;68;7;570;1,063;10,980;155;679;122;43;8;407;45;7;22;125;60;102;225;140;0;0;80;258;Hombre;15a44
M15a44(13);M15a44;2013;15;71;27;1;24;49;1;374;219;28;193;88;64;49;28;66;15;353;342;0;144;293;306;149;17;59;263;140;30;293;0;48;0;0;0;2;0;0;0;582;1;21;4;1;45;5;19;26;53;275;870;11;133;113;43;2;250;30;5;10;77;29;46;181;130;0;368;75;502;Mujer;15a44
H45a64(13);H45a64;2013;44;246;70;14;48;117;3;639;641;86;1,015;335;345;372;248;705;119;2;0;285;237;507;873;427;20;493;3,838;491;188;1,332;8;267;0;0;0;0;0;0;0;1,120;11;298;16;4;92;14;23;10;310;380;1,943;9;360;824;88;14;301;628;4;39;274;129;586;647;527;14;0;24;356;Hombre;45a64
M45a64(13);M45a64;2013;18;85;37;9;24;112;1;153;438;61;525;357;238;408;205;461;46;1,233;809;0;525;478;747;361;34;356;1,941;371;147;1,283;1;160;0;0;0;1;0;0;1;276;3;32;0;0;10;10;4;13;41;82;200;0;59;902;55;8;266;406;1;25;203;106;222;520;426;0;10;24;492;Mujer;45a64
H65(13);H65;2013;130;310;77;17;45;351;13;128;2,423;113;1,786;634;624;747;393;1,738;291;6;0;2,357;428;818;1,558;887;33;2,795;13,440;1,340;942;4,837;27;849;0;0;0;0;0;0;0;804;6;343;4;2;38;12;9;16;195;179;293;2;345;2,111;514;79;573;5,536;4;222;939;471;725;2,141;2,193;216;0;17;1,131;Hombre;65
M65(13);M65;2013;185;138;63;8;31;389;3;16;2,590;109;1,088;774;466;1,033;557;1,154;106;1,027;803;0;695;718;1,526;869;57;3,295;12,303;1,618;1,024;5,966;31;686;0;0;0;0;0;0;0;259;1;207;0;0;10;6;7;17;116;12;66;0;185;2,935;584;122;628;5,135;5;288;941;519;516;2,376;2,099;0;0;19;1,829;Mujer;65
H1(14);H1;2014;56;2;8;10;18;37;7;3;211;23;0;0;0;2;0;0;0;0;0;0;1;13;2;11;0;0;1;25;4;8;0;2;83;192;134;972;403;14;469;13;0;2;0;0;4;1;0;4;48;0;21;0;18;0;95;0;40;0;3;7;52;12;9;37;26;0;0;1,057;33;Hombre;1
M1(14);M1;2014;40;2;9;3;10;34;6;1;186;14;0;0;0;0;0;0;0;0;0;0;1;5;7;12;0;2;0;22;4;8;0;0;75;140;101;671;300;6;371;11;0;2;0;0;4;1;0;1;42;0;6;0;15;2;91;0;32;0;2;4;29;5;3;22;14;0;0;879;43;Mujer;1
H1a4(14);H1a4;2014;27;4;8;0;8;12;0;2;77;16;0;0;1;3;0;0;1;0;0;0;1;32;24;19;0;2;0;17;3;10;0;0;0;0;0;7;0;0;6;46;2;8;0;1;85;7;5;1;42;0;17;0;28;2;55;0;57;3;1;5;23;12;0;17;17;0;0;92;32;Hombre;1a4
M1a4(14);M1a4;2014;11;3;9;1;6;11;0;2;63;10;0;0;0;2;0;0;0;0;1;0;4;30;20;12;0;0;0;21;5;9;0;0;0;0;0;7;0;1;5;33;2;2;0;0;33;2;7;0;36;0;19;1;18;1;53;1;41;7;1;5;13;9;3;10;12;0;0;69;35;Mujer;1a4
H5a14(14);H5a14;2014;5;6;22;1;11;15;0;3;43;8;0;4;2;3;0;0;1;0;0;0;5;132;74;34;0;2;5;22;2;26;0;1;0;0;0;8;0;0;3;120;1;15;2;5;81;7;2;4;56;37;119;0;41;4;8;2;100;8;1;5;10;13;4;17;11;0;0;47;49;Hombre;5a14
M5a14(14);M5a14;2014;3;1;18;1;6;11;0;3;29;10;0;0;0;3;0;1;0;0;0;0;4;82;70;25;0;1;1;14;2;25;0;5;0;0;0;5;0;0;6;71;5;8;0;1;37;9;1;1;11;27;33;0;27;3;4;1;82;7;0;3;15;10;5;8;11;0;5;48;55;Mujer;5a14
H15a44(14);H15a44;2014;8;127;36;7;49;36;3;1,055;262;63;215;74;58;35;44;56;25;1;0;7;123;388;371;195;2;72;531;204;39;326;0;67;0;0;0;7;0;0;2;3,217;45;212;23;27;320;29;75;16;572;1,132;9,494;138;666;126;42;12;457;45;5;29;129;57;108;189;131;1;0;79;224;Hombre;15a44
M15a44(14);M15a44;2014;14;72;19;5;25;31;2;354;182;40;215;90;56;50;25;51;9;345;347;0;115;296;287;159;3;63;236;171;21;284;0;44;0;0;0;6;0;1;0;623;4;32;1;0;45;13;17;18;61;260;848;18;124;136;36;4;249;50;0;12;78;48;44;176;116;0;479;71;448;Mujer;15a44
H45a64(14);H45a64;2014;34;237;64;10;40;100;2;628;515;85;1,060;338;299;332;261;767;155;3;0;292;236;544;868;421;5;486;4,035;575;153;1,338;8;277;0;0;0;0;0;0;0;1,203;19;286;11;7;102;12;28;14;300;395;1,714;7;358;810;68;13;329;610;6;88;239;131;613;638;502;12;0;38;373;Hombre;45a64
M45a64(14);M45a64;2014;48;95;40;7;24;85;1;184;383;59;558;386;239;468;259;510;39;1,319;944;0;555;482;847;379;10;363;1,917;427;131;1,192;3;187;0;0;0;0;0;0;0;289;7;48;0;1;10;4;0;17;41;65;192;0;79;808;66;9;263;361;12;44;214;101;303;534;443;0;6;34;549;Mujer;45a64
H65(14);H65;2014;137;342;90;15;35;317;10;121;2,504;109;1,783;757;631;773;412;1,797;304;10;0;2,553;502;829;1,512;869;11;3,171;14,322;1,497;857;4,884;30;1,018;0;0;0;0;0;0;0;820;3;390;2;0;47;19;9;39;180;191;274;0;375;2,140;524;158;636;5,808;6;609;957;507;753;2,079;2,378;285;0;18;1,138;Hombre;65
M65(14);M65;2014;231;139;73;11;31;348;0;22;2,724;117;1,199;836;510;1,046;587;1,291;92;1,109;896;0;770;835;1,598;955;12;3,664;13,397;1,720;965;6,232;17;870;0;0;0;0;0;0;0;259;2;269;0;0;4;11;1;30;100;19;46;0;215;3,102;568;228;701;5,793;13;515;1,028;557;553;2,358;2,251;0;1;22;1,942;Mujer;65
H1(15);H1;2015;44;0;1;10;24;32;10;6;233;20;0;0;0;0;0;0;0;0;0;0;0;6;4;8;0;0;0;22;7;12;0;0;95;200;101;931;377;10;499;12;0;0;0;0;2;3;0;2;30;0;11;0;10;0;112;0;37;4;1;10;24;15;4;19;18;0;0;1,040;34;Hombre;1
M1(15);M1;2015;41;1;5;7;18;15;6;2;187;7;0;0;0;0;0;0;0;0;0;0;0;7;4;5;0;1;0;26;0;8;0;0;71;143;96;611;283;10;326;8;0;0;0;0;1;0;0;1;18;0;5;0;13;2;72;0;40;3;2;11;24;14;3;14;10;0;0;878;34;Mujer;1
H1a4(15);H1a4;2015;33;6;12;0;7;10;1;2;74;9;0;0;0;2;0;0;1;0;0;0;3;35;25;9;0;1;0;13;3;8;0;2;0;0;0;5;0;1;6;39;0;8;0;1;54;1;2;0;45;0;9;0;18;0;61;1;73;5;0;6;12;10;1;15;8;0;0;89;30;Hombre;1a4
M1a4(15);M1a4;2015;24;2;10;0;2;17;0;3;75;10;0;0;0;1;0;1;0;0;0;0;2;23;29;8;0;0;0;19;5;6;0;1;0;0;0;3;0;0;6;26;0;5;1;0;42;1;5;2;38;1;10;0;16;1;50;1;53;8;0;5;18;6;4;10;11;0;0;80;26;Mujer;1a4
H5a14(15);H5a14;2015;3;6;18;2;15;17;0;2;48;13;0;0;1;4;0;1;1;0;0;0;2;114;66;28;0;3;2;17;2;19;0;1;0;0;0;6;0;3;3;144;3;21;0;5;97;2;1;2;48;39;106;0;39;0;14;1;108;0;1;1;11;13;4;11;13;0;0;45;62;Hombre;5a14
M5a14(15);M5a14;2015;7;3;20;0;9;10;0;6;33;11;0;0;1;1;0;1;3;0;0;0;6;79;42;27;0;1;3;17;1;16;0;2;0;0;0;4;0;1;3;68;2;3;2;0;23;4;3;3;27;44;39;1;19;7;9;2;85;6;0;2;3;9;2;17;15;0;1;46;48;Mujer;5a14
H15a44(15);H15a44;2015;19;126;40;8;46;47;2;1,084;296;71;221;84;55;46;32;71;25;0;0;7;127;462;357;153;1;100;585;216;33;300;0;79;0;0;0;2;0;0;2;3,516;53;208;28;35;349;28;74;25;519;1,134;9,189;86;574;136;39;13;469;59;6;22;108;75;121;200;164;0;0;112;249;Hombre;15a44
M15a44(15);M15a44;2015;16;64;36;7;20;39;1;375;195;40;201;100;54;45;27;64;9;352;366;0;127;308;308;162;8;50;266;179;21;267;0;52;0;0;0;10;0;0;0;650;8;22;1;1;37;16;12;29;88;336;771;11;104;115;40;4;285;48;4;11;56;44;49;176;153;0;470;74;459;Mujer;15a44
H45a64(15);H45a64;2015;39;254;50;12;49;85;3;636;708;85;1,040;376;311;387;273;707;151;5;0;287;239;578;912;400;7;565;4,056;586;163;1,342;5;274;0;0;0;1;0;0;0;1,336;16;322;11;9;94;17;28;21;315;461;1,624;2;302;841;100;23;392;603;9;125;197;155;655;650;566;15;0;32;355;Hombre;45a64
M45a64(15);M45a64;2015;36;83;41;1;29;93;3;176;490;61;572;393;258;424;277;573;34;1,309;898;0;545;482;816;398;7;406;2,047;443;130;1,299;3;156;0;0;0;1;0;0;0;289;2;31;0;0;7;7;2;24;50;77;172;0;62;900;68;15;278;401;6;56;125;114;274;535;520;0;5;31;598;Mujer;45a64
H65(15);H65;2015;157;335;104;10;46;286;10;129;3,078;130;1,875;749;715;800;467;1,875;270;9;0;2,594;490;977;1,543;974;9;3,508;15,014;1,608;911;5,270;20;1,070;0;0;0;0;0;0;0;802;11;43;1;6;135;18;13;32;154;375;882;11;156;117;126;5;433;51;7;23;91;71;56;201;176;0;470;997;555;Hombre;65
M65(15);M65;2015;244;143;82;8;28;343;3;26;3,378;93;1,202;898;552;1,058;649;1,342;104;1,204;931;0;794;900;1,659;965;17;4,079;14,219;1,820;956;6,578;16;890;0;0;0;0;0;0;0;1,443;18;333;13;10;171;22;33;24;387;505;1,672;3;339;848;170;26;550;614;9;133;212;174;658;682;589;15;1;167;433;Mujer;65
H1(16);H1;2016;62;1;8;7;20;34;3;2;261;18;0;0;0;2;0;0;0;0;0;0;0;1;5;9;0;0;1;22;4;12;0;0;96;190;123;850;343;13;473;5;2;7;0;0;3;2;1;1;31;0;19;0;12;0;99;0;50;2;2;12;25;8;1;29;5;0;0;1,024;44;Hombre;1
M1(16);M1;2016;48;1;5;7;18;24;10;2;155;9;0;0;0;1;0;0;1;0;0;0;2;5;4;10;0;0;0;23;3;3;0;1;75;139;78;653;263;5;374;5;0;2;0;0;3;0;0;1;31;0;13;0;10;0;106;1;32;1;0;10;26;12;3;16;10;0;0;824;35;Mujer;1
H1a4(16);H1a4;2016;19;5;2;1;12;16;0;1;94;18;0;0;1;2;0;0;0;0;0;0;7;27;25;14;0;0;0;17;2;10;0;1;0;0;0;12;0;2;5;41;1;15;0;0;57;6;8;0;38;0;8;0;21;0;75;0;67;7;1;3;16;6;1;12;15;0;0;104;28;Hombre;1a4
M1a4(16);M1a4;2016;21;3;7;1;6;11;0;0;90;14;0;0;1;4;0;0;3;0;0;0;2;23;16;13;0;0;0;16;0;9;0;0;0;0;0;1;0;1;4;31;0;5;0;0;46;4;5;0;26;0;11;0;18;1;77;0;63;7;1;3;10;7;1;11;9;0;0;97;34;Mujer;1a4
H5a14(16);H5a14;2016;4;5;11;0;15;8;0;0;39;10;0;0;1;2;0;3;1;0;0;0;5;111;63;20;1;1;5;16;2;21;0;1;0;0;0;2;0;1;5;137;1;9;2;3;63;3;4;0;39;43;69;1;20;2;8;0;137;2;1;4;8;13;0;13;15;0;0;46;65;Hombre;5a14
M5a14(16);M5a14;2016;5;1;14;0;7;9;0;4;38;10;1;0;0;4;0;1;1;0;0;0;7;78;73;18;0;0;1;24;4;21;0;3;0;0;0;5;0;1;2;67;0;3;0;1;29;2;3;0;30;50;39;0;20;6;10;0;91;4;0;3;10;10;2;14;11;0;6;54;35;Mujer;5a14
H15a44(16);H15a44;2016;29;138;49;10;38;51;1;1,127;401;72;218;92;59;45;36;77;20;3;0;7;136;455;379;152;1;80;595;229;33;333;2;61;0;0;0;4;0;0;3;3,552;99;235;33;24;346;33;74;22;511;1,283;8,924;46;470;116;52;11;457;49;8;25;68;71;98;197;155;1;0;99;252;Hombre;15a44
M15a44(16);M15a44;2016;16;74;26;3;20;46;0;379;229;31;205;99;62;44;26;58;13;377;403;0;147;282;327;150;7;63;239;138;22;269;1;56;0;0;0;7;0;0;3;673;3;22;1;1;31;12;23;25;65;306;724;5;83;143;43;8;301;55;2;14;62;36;52;181;138;0;464;82;468;Mujer;15a44
H45a64(16);H45a64;2016;46;247;82;16;49;89;2;735;832;94;1,054;428;339;362;309;763;134;3;0;292;284;645;920;400;3;557;4,282;603;176;1,418;3;290;0;0;0;0;0;0;0;1,361;34;314;18;6;91;19;29;21;312;477;1,578;1;290;896;118;23;421;676;4;126;206;173;695;672;567;18;0;34;342;Hombre;45a64
M45a64(16);M45a64;2016;47;85;52;7;26;107;5;177;586;54;604;432;265;458;280;562;36;1,449;958;0;615;538;904;441;8;417;2,035;455;115;1,357;4;186;0;0;0;1;0;0;0;301;2;41;0;0;16;7;9;43;48;76;173;1;56;824;68;13;305;418;6;53;163;119;290;536;475;0;6;40;579;Mujer;45a64
H65(16);H65;2016;200;352;107;9;41;315;13;159;3,256;117;1,840;844;720;796;518;1,869;304;14;0;2,656;533;963;1,625;1,009;4;3,475;15,739;1,749;866;5,192;20;1,007;0;0;0;0;0;0;0;874;5;408;2;2;48;24;6;47;223;226;311;0;371;2,275;522;245;872;6,200;7;705;846;628;879;2,295;2,583;306;0;19;1,164;Hombre;65
M65(16);M65;2016;271;157;89;5;39;333;0;32;3,444;98;1,164;901;568;1,111;669;1,324;95;1,331;952;0;780;920;1,674;1,005;9;3,835;14,552;1,829;868;6,347;17;841;0;0;0;0;0;0;0;291;0;296;1;0;11;5;3;80;95;15;42;0;220;2,990;636;417;1,061;6,109;6;583;854;633;717;2,440;2,615;0;0;17;1,796;Mujer;65
H1(17);H1;2017;48;1;3;4;18;32;7;5;227;13;0;0;0;0;0;0;0;0;0;0;0;1;2;4;0;0;0;0;0;0;0;0;73;166;143;819;400;13;500;9;0;4;0;0;3;1;0;1;18;0;16;0;18;0;81;0;41;1;0;3;21;11;2;33;21;0;0;1,044;37;Hombre;1
M1(17);M1;2017;37;1;0;3;21;24;4;2;216;11;0;0;0;0;0;0;2;0;0;0;0;1;2;5;0;1;0;16;5;3;0;1;66;147;97;601;319;10;335;4;0;2;0;0;1;0;1;4;8;0;6;0;9;0;83;0;29;0;2;5;22;7;1;26;10;0;0;792;38;Mujer;1
H1a4(17);H1a4;2017;23;5;3;1;12;14;0;0;93;8;0;0;1;2;0;0;0;0;0;0;6;56;29;11;0;0;0;19;4;9;0;1;0;0;0;8;0;1;7;47;0;9;0;0;66;3;7;4;62;0;20;0;24;1;49;1;58;8;1;3;12;3;3;12;14;0;0;88;35;Hombre;1a4
M1a4(17);M1a4;2017;21;2;2;0;7;8;0;0;80;8;0;0;1;1;0;0;0;0;0;0;3;29;17;11;0;3;0;15;1;9;0;2;0;0;0;6;0;0;3;29;2;5;1;0;28;4;2;2;47;0;11;0;15;2;41;0;34;3;0;1;10;6;1;14;8;0;0;78;34;Mujer;1a4
H5a14(17);H5a14;2017;9;5;9;1;11;15;0;5;36;7;3;0;0;3;0;1;2;0;0;0;5;125;77;23;0;0;0;20;4;17;0;1;0;0;0;7;2;2;1;111;1;8;0;6;79;10;2;3;76;67;71;0;26;4;12;2;86;3;1;3;6;15;2;14;13;0;0;50;58;Hombre;5a14
M5a14(17);M5a14;2017;4;2;3;0;11;8;0;0;35;5;0;0;1;3;1;2;0;1;0;0;9;74;44;23;0;3;0;12;3;23;0;1;0;0;0;8;0;0;0;57;1;10;0;1;35;7;1;2;55;43;41;0;16;4;4;2;110;3;3;0;7;9;4;13;9;0;3;45;47;Mujer;5a14
H15a44(17);H15a44;2017;26;151;25;4;45;45;2;1,088;370;75;228;101;72;36;32;52;29;2;0;7;169;445;391;167;2;87;573;220;29;329;0;86;0;0;0;14;0;1;1;3,383;23;158;21;21;381;34;113;27;559;1,364;8,917;16;680;119;56;3;424;50;6;36;69;64;103;198;148;0;0;100;269;Hombre;15a44
M15a44(17);M15a44;2017;11;56;14;2;19;30;0;342;210;29;198;117;61;37;28;49;15;403;396;0;151;319;326;136;10;55;232;182;21;292;0;41;0;0;0;8;0;1;0;663;9;27;0;3;26;11;22;27;147;361;772;1;112;131;33;1;275;33;6;9;45;52;45;169;153;0;480;64;481;Mujer;15a44
H45a64(17);H45a64;2017;40;214;67;15;39;100;3;704;719;74;1,092;403;357;363;316;718;151;2;0;318;251;647;1,029;412;6;581;4,283;583;147;1,357;5;257;0;0;0;2;0;0;1;1,378;16;281;10;4;104;18;42;33;367;521;1,695;0;407;907;120;12;371;602;3;112;182;145;702;635;542;17;0;43;352;Hombre;45a64
M45a64(17);M45a64;2017;45;62;28;3;27;73;2;169;504;46;629;477;308;438;265;550;42;1,515;962;0;668;524;924;468;3;428;2,081;421;120;1,242;4;188;0;0;0;2;0;0;0;285;2;43;0;0;9;4;6;27;84;80;180;0;67;854;59;20;255;414;3;50;153;95;293;515;474;0;2;38;575;Mujer;45a64
H65(17);H65;2017;175;370;71;5;37;300;8;170;3,280;141;1,879;808;749;866;591;2,017;323;21;0;2,740;587;1,075;1,738;1,058;6;3,581;16,155;1,773;849;5,419;21;983;0;0;0;0;0;0;0;911;4;427;3;0;68;16;10;81;266;252;295;0;398;2,352;534;243;851;6,499;6;799;798;540;832;2,362;2,706;283;0;20;1,103;Hombre;65
M65(17);M65;2017;254;153;70;1;23;323;2;30;3,756;125;1,172;1,019;567;1,135;654;1,408;93;1,381;1,007;0;871;941;1,851;1,057;6;4,102;15,292;1,827;895;6,551;29;905;0;0;0;0;0;0;0;282;4;281;1;0;8;16;3;106;133;23;57;0;215;3,126;541;353;1,079;6,851;10;702;806;636;711;2,607;2,481;0;0;20;1,824;Mujer;65
H1(18);H1;2018;62;3;3;2;18;42;13;1;229;3;0;0;0;0;0;0;0;0;0;0;0;3;10;5;0;0;0;28;2;7;0;1;69;191;140;776;360;14;476;15;0;5;0;0;1;3;0;0;25;0;11;0;19;2;105;0;34;8;0;4;28;14;1;26;11;0;0;951;45;Hombre;1
M1(18);M1;2018;30;0;3;6;17;25;4;0;182;11;0;0;0;1;0;1;0;0;0;0;0;8;5;13;0;0;0;31;3;8;0;0;59;115;94;537;290;6;370;9;0;2;0;0;2;2;1;2;14;0;11;0;3;1;117;0;33;0;1;2;23;12;1;15;7;0;0;836;32;Mujer;1
H1a4(18);H1a4;2018;27;3;6;2;14;19;0;1;90;5;0;0;1;6;0;0;0;0;0;0;1;34;18;8;0;2;0;21;5;5;0;0;0;0;0;9;0;1;2;27;0;7;0;0;71;5;4;1;35;0;18;0;24;0;62;0;53;10;0;2;13;3;0;9;6;0;0;79;39;Hombre;1a4
M1a4(18);M1a4;2018;21;4;14;0;10;4;0;3;85;5;0;0;0;2;0;0;0;0;0;0;1;24;19;8;0;1;0;12;1;5;0;1;0;0;0;8;0;1;3;28;0;2;0;0;35;1;1;0;26;0;11;0;22;2;75;0;53;3;1;2;13;2;1;4;13;0;0;90;23;Mujer;1a4
H5a14(18);H5a14;2018;9;1;10;2;8;9;0;3;29;13;1;0;0;4;1;1;3;0;0;0;5;105;62;22;2;0;1;14;0;14;0;3;0;0;0;8;0;1;2;99;0;14;2;1;58;1;2;0;43;59;68;1;31;1;3;1;106;4;0;4;8;6;1;23;14;0;0;43;35;Hombre;5a14
M5a14(18);M5a14;2018;5;7;11;0;4;13;0;1;43;9;0;0;1;3;0;1;1;0;0;0;6;74;48;20;1;2;1;12;2;15;0;3;0;0;0;3;0;2;1;56;1;6;1;2;35;6;1;1;21;51;36;1;17;3;12;3;118;6;0;0;7;9;4;16;11;0;2;60;43;Mujer;5a14
H15a44(18);H15a44;2018;27;151;25;4;44;49;0;1,081;367;73;215;99;87;43;37;68;24;1;0;10;160;430;378;141;4;77;529;210;36;310;1;81;1;0;0;15;0;1;2;3,253;31;175;29;25;332;23;93;22;465;1,323;8,928;45;623;145;59;10;464;49;6;28;96;75;102;231;151;0;0;85;264;Hombre;15a44
M15a44(18);M15a44;2018;13;69;12;5;19;36;2;389;242;32;222;105;73;63;31;73;11;420;408;0;123;316;313;143;1;47;218;141;27;301;0;34;0;0;0;8;0;0;5;617;1;29;0;0;37;6;17;28;65;336;747;8;113;129;19;8;273;42;5;13;68;41;38;179;121;0;443;56;479;Mujer;15a44
H45a64(18);H45a64;2018;38;237;70;13;52;101;8;658;843;103;1,058;403;391;374;329;674;113;3;0;323;295;625;975;404;4;550;4,233;575;181;1,461;5;279;0;0;0;0;0;0;1;1,277;17;278;13;6;89;9;34;35;286;553;1,685;4;423;898;106;29;453;550;4;118;215;170;623;722;542;15;0;26;341;Hombre;45a64
M45a64(18);M45a64;2018;51;87;30;5;29;92;0;199;636;60;584;451;269;430;294;524;44;1,513;950;0;666;539;935;447;8;418;1,960;506;133;1,339;2;159;0;0;0;0;0;0;0;290;0;37;0;0;16;3;1;35;37;81;169;0;100;873;69;15;315;402;7;47;200;101;342;562;495;0;8;31;558;Mujer;45a64
H65(18);H65;2018;197;374;88;10;35;359;13;183;3,497;124;1,876;888;728;838;556;1,842;294;15;0;2,723;610;1,089;1,853;1,047;9;3,442;15,965;1,790;878;5,320;26;1,031;0;0;0;1;0;0;0;838;5;401;2;2;43;14;22;89;211;277;283;1;497;2,424;513;299;959;6,074;8;915;872;615;825;2,403;2,887;333;0;13;1,122;Hombre;65
M65(18);M65;2018;256;147;67;6;28;361;3;30;3,674;93;1,208;1,005;629;1,105;713;1,390;93;1,400;964;0;929;926;1,756;1,086;10;3,875;14,941;1,935;1,000;6,608;23;940;0;0;0;1;0;0;0;294;0;217;1;1;8;7;6;123;128;20;44;0;220;3,093;552;436;1,246;6,193;7;714;828;705;732;2,751;2,573;0;0;23;1,918;Mujer;65
